-- MySQL dump 10.13  Distrib 5.6.24, for linux-glibc2.5 (x86_64)
--
-- Host: localhost    Database: wi4solutions
-- ------------------------------------------------------
-- Server version	5.5.60-0ubuntu0.14.04.1

/*!40101 SET @OLD_CHARACTER_SET_CLIENT=@@CHARACTER_SET_CLIENT */;
/*!40101 SET @OLD_CHARACTER_SET_RESULTS=@@CHARACTER_SET_RESULTS */;
/*!40101 SET @OLD_COLLATION_CONNECTION=@@COLLATION_CONNECTION */;
/*!40101 SET NAMES utf8 */;
/*!40103 SET @OLD_TIME_ZONE=@@TIME_ZONE */;
/*!40103 SET TIME_ZONE='+00:00' */;
/*!40014 SET @OLD_UNIQUE_CHECKS=@@UNIQUE_CHECKS, UNIQUE_CHECKS=0 */;
/*!40014 SET @OLD_FOREIGN_KEY_CHECKS=@@FOREIGN_KEY_CHECKS, FOREIGN_KEY_CHECKS=0 */;
/*!40101 SET @OLD_SQL_MODE=@@SQL_MODE, SQL_MODE='NO_AUTO_VALUE_ON_ZERO' */;
/*!40111 SET @OLD_SQL_NOTES=@@SQL_NOTES, SQL_NOTES=0 */;

--
-- Table structure for table `DATABASECHANGELOG`
--

DROP TABLE IF EXISTS `DATABASECHANGELOG`;
/*!40101 SET @saved_cs_client     = @@character_set_client */;
/*!40101 SET character_set_client = utf8 */;
CREATE TABLE `DATABASECHANGELOG` (
  `ID` varchar(255) NOT NULL,
  `AUTHOR` varchar(255) NOT NULL,
  `FILENAME` varchar(255) NOT NULL,
  `DATEEXECUTED` datetime NOT NULL,
  `ORDEREXECUTED` int(11) NOT NULL,
  `EXECTYPE` varchar(10) NOT NULL,
  `MD5SUM` varchar(35) DEFAULT NULL,
  `DESCRIPTION` varchar(255) DEFAULT NULL,
  `COMMENTS` varchar(255) DEFAULT NULL,
  `TAG` varchar(255) DEFAULT NULL,
  `LIQUIBASE` varchar(20) DEFAULT NULL,
  `CONTEXTS` varchar(255) DEFAULT NULL,
  `LABELS` varchar(255) DEFAULT NULL,
  `DEPLOYMENT_ID` varchar(10) DEFAULT NULL
) ENGINE=InnoDB DEFAULT CHARSET=latin1;
/*!40101 SET character_set_client = @saved_cs_client */;

--
-- Dumping data for table `DATABASECHANGELOG`
--

LOCK TABLES `DATABASECHANGELOG` WRITE;
/*!40000 ALTER TABLE `DATABASECHANGELOG` DISABLE KEYS */;
INSERT INTO `DATABASECHANGELOG` VALUES ('00000000000001','jhipster','config/liquibase/changelog/00000000000000_initial_schema.xml','2018-11-26 10:16:11',1,'EXECUTED','7:8eef49fe9846cf127a6c088e3d850cb0','createTable tableName=jhi_user; createTable tableName=jhi_authority; createTable tableName=jhi_user_authority; addPrimaryKey tableName=jhi_user_authority; addForeignKeyConstraint baseTableName=jhi_user_authority, constraintName=fk_authority_name, ...','',NULL,'3.5.4',NULL,NULL,'3241769992'),('20181126154019-1','jhipster','config/liquibase/changelog/20181126154019_added_entity_SipPeer.xml','2018-11-26 11:51:22',2,'EXECUTED','7:83e4cf315ec37d2263b7e731b996e1d6','createTable tableName=sip_peer','',NULL,'3.5.4',NULL,NULL,'3247482706'),('20181126191242-1','jhipster','config/liquibase/changelog/20181126191242_added_entity_DialPlan.xml','2018-11-26 15:14:06',3,'EXECUTED','7:0a7eaa93c2ae0e206be7132d4e092349','createTable tableName=dial_plan','',NULL,'3.5.4',NULL,NULL,'3259646129'),('20181126191242-2','jhipster','config/liquibase/changelog/20181126191242_added_entity_constraints_DialPlan.xml','2018-11-26 15:17:12',4,'EXECUTED','7:0cf895da5dc497251d5bbb6c82633eac','addForeignKeyConstraint baseTableName=dial_plan, constraintName=fk_dial_plan_sip_peer_id, referencedTableName=sip_peer','',NULL,'3.5.4',NULL,NULL,'3259831915');
/*!40000 ALTER TABLE `DATABASECHANGELOG` ENABLE KEYS */;
UNLOCK TABLES;

--
-- Table structure for table `DATABASECHANGELOGLOCK`
--

DROP TABLE IF EXISTS `DATABASECHANGELOGLOCK`;
/*!40101 SET @saved_cs_client     = @@character_set_client */;
/*!40101 SET character_set_client = utf8 */;
CREATE TABLE `DATABASECHANGELOGLOCK` (
  `ID` int(11) NOT NULL,
  `LOCKED` bit(1) NOT NULL,
  `LOCKGRANTED` datetime DEFAULT NULL,
  `LOCKEDBY` varchar(255) DEFAULT NULL,
  PRIMARY KEY (`ID`)
) ENGINE=InnoDB DEFAULT CHARSET=latin1;
/*!40101 SET character_set_client = @saved_cs_client */;

--
-- Dumping data for table `DATABASECHANGELOGLOCK`
--

LOCK TABLES `DATABASECHANGELOGLOCK` WRITE;
/*!40000 ALTER TABLE `DATABASECHANGELOGLOCK` DISABLE KEYS */;
INSERT INTO `DATABASECHANGELOGLOCK` VALUES (1,'\0',NULL,NULL);
/*!40000 ALTER TABLE `DATABASECHANGELOGLOCK` ENABLE KEYS */;
UNLOCK TABLES;

--
-- Table structure for table `dial_plan`
--

DROP TABLE IF EXISTS `dial_plan`;
/*!40101 SET @saved_cs_client     = @@character_set_client */;
/*!40101 SET character_set_client = utf8 */;
CREATE TABLE `dial_plan` (
  `id` bigint(20) NOT NULL AUTO_INCREMENT,
  `name` varchar(255) DEFAULT NULL,
  `description` varchar(255) DEFAULT NULL,
  `prefix` varchar(255) DEFAULT NULL,
  `digit_cut` varchar(255) DEFAULT NULL,
  `preceding` varchar(255) DEFAULT NULL,
  `priority` int(11) DEFAULT NULL,
  `gateway` bigint(20) DEFAULT NULL,
  `jhi_limit` int(11) DEFAULT NULL,
  `sip_peer_id` bigint(20) DEFAULT NULL,
  PRIMARY KEY (`id`),
  UNIQUE KEY `ux_dial_plan_sip_peer_id` (`sip_peer_id`),
  CONSTRAINT `fk_dial_plan_sip_peer_id` FOREIGN KEY (`sip_peer_id`) REFERENCES `sip_peer` (`id`)
) ENGINE=InnoDB AUTO_INCREMENT=2 DEFAULT CHARSET=latin1;
/*!40101 SET character_set_client = @saved_cs_client */;

--
-- Dumping data for table `dial_plan`
--

LOCK TABLES `dial_plan` WRITE;
/*!40000 ALTER TABLE `dial_plan` DISABLE KEYS */;
/*!40000 ALTER TABLE `dial_plan` ENABLE KEYS */;
UNLOCK TABLES;

--
-- Table structure for table `jhi_authority`
--

DROP TABLE IF EXISTS `jhi_authority`;
/*!40101 SET @saved_cs_client     = @@character_set_client */;
/*!40101 SET character_set_client = utf8 */;
CREATE TABLE `jhi_authority` (
  `name` varchar(50) NOT NULL,
  PRIMARY KEY (`name`)
) ENGINE=InnoDB DEFAULT CHARSET=latin1;
/*!40101 SET character_set_client = @saved_cs_client */;

--
-- Dumping data for table `jhi_authority`
--

LOCK TABLES `jhi_authority` WRITE;
/*!40000 ALTER TABLE `jhi_authority` DISABLE KEYS */;
INSERT INTO `jhi_authority` VALUES ('ROLE_ADMIN'),('ROLE_USER');
/*!40000 ALTER TABLE `jhi_authority` ENABLE KEYS */;
UNLOCK TABLES;

--
-- Table structure for table `jhi_persistent_audit_event`
--

DROP TABLE IF EXISTS `jhi_persistent_audit_event`;
/*!40101 SET @saved_cs_client     = @@character_set_client */;
/*!40101 SET character_set_client = utf8 */;
CREATE TABLE `jhi_persistent_audit_event` (
  `event_id` bigint(20) NOT NULL AUTO_INCREMENT,
  `principal` varchar(50) NOT NULL,
  `event_date` timestamp NULL DEFAULT NULL,
  `event_type` varchar(255) DEFAULT NULL,
  PRIMARY KEY (`event_id`),
  KEY `idx_persistent_audit_event` (`principal`,`event_date`)
) ENGINE=InnoDB AUTO_INCREMENT=6 DEFAULT CHARSET=latin1;
/*!40101 SET character_set_client = @saved_cs_client */;

--
-- Dumping data for table `jhi_persistent_audit_event`
--

LOCK TABLES `jhi_persistent_audit_event` WRITE;
/*!40000 ALTER TABLE `jhi_persistent_audit_event` DISABLE KEYS */;
INSERT INTO `jhi_persistent_audit_event` VALUES (1,'admin','2018-11-26 18:16:54','AUTHENTICATION_FAILURE'),(2,'admin','2018-11-26 18:17:04','AUTHENTICATION_SUCCESS'),(3,'user','2018-11-26 18:19:01','AUTHENTICATION_SUCCESS'),(4,'admin','2018-11-26 19:42:34','AUTHENTICATION_SUCCESS'),(5,'admin','2018-11-26 19:51:59','AUTHENTICATION_SUCCESS');
/*!40000 ALTER TABLE `jhi_persistent_audit_event` ENABLE KEYS */;
UNLOCK TABLES;

--
-- Table structure for table `jhi_persistent_audit_evt_data`
--

DROP TABLE IF EXISTS `jhi_persistent_audit_evt_data`;
/*!40101 SET @saved_cs_client     = @@character_set_client */;
/*!40101 SET character_set_client = utf8 */;
CREATE TABLE `jhi_persistent_audit_evt_data` (
  `event_id` bigint(20) NOT NULL,
  `name` varchar(150) NOT NULL,
  `value` varchar(255) DEFAULT NULL,
  PRIMARY KEY (`event_id`,`name`),
  KEY `idx_persistent_audit_evt_data` (`event_id`),
  CONSTRAINT `fk_evt_pers_audit_evt_data` FOREIGN KEY (`event_id`) REFERENCES `jhi_persistent_audit_event` (`event_id`)
) ENGINE=InnoDB DEFAULT CHARSET=latin1;
/*!40101 SET character_set_client = @saved_cs_client */;

--
-- Dumping data for table `jhi_persistent_audit_evt_data`
--

LOCK TABLES `jhi_persistent_audit_evt_data` WRITE;
/*!40000 ALTER TABLE `jhi_persistent_audit_evt_data` DISABLE KEYS */;
INSERT INTO `jhi_persistent_audit_evt_data` VALUES (1,'message','Bad credentials'),(1,'type','org.springframework.security.authentication.BadCredentialsException');
/*!40000 ALTER TABLE `jhi_persistent_audit_evt_data` ENABLE KEYS */;
UNLOCK TABLES;

--
-- Table structure for table `jhi_user`
--

DROP TABLE IF EXISTS `jhi_user`;
/*!40101 SET @saved_cs_client     = @@character_set_client */;
/*!40101 SET character_set_client = utf8 */;
CREATE TABLE `jhi_user` (
  `id` bigint(20) NOT NULL AUTO_INCREMENT,
  `login` varchar(50) NOT NULL,
  `password_hash` varchar(60) NOT NULL,
  `first_name` varchar(50) DEFAULT NULL,
  `last_name` varchar(50) DEFAULT NULL,
  `email` varchar(254) DEFAULT NULL,
  `image_url` varchar(256) DEFAULT NULL,
  `activated` bit(1) NOT NULL,
  `lang_key` varchar(6) DEFAULT NULL,
  `activation_key` varchar(20) DEFAULT NULL,
  `reset_key` varchar(20) DEFAULT NULL,
  `created_by` varchar(50) NOT NULL,
  `created_date` timestamp NULL,
  `reset_date` timestamp NULL DEFAULT NULL,
  `last_modified_by` varchar(50) DEFAULT NULL,
  `last_modified_date` timestamp NULL DEFAULT NULL,
  PRIMARY KEY (`id`),
  UNIQUE KEY `ux_user_login` (`login`),
  UNIQUE KEY `ux_user_email` (`email`)
) ENGINE=InnoDB AUTO_INCREMENT=5 DEFAULT CHARSET=latin1;
/*!40101 SET character_set_client = @saved_cs_client */;

--
-- Dumping data for table `jhi_user`
--

LOCK TABLES `jhi_user` WRITE;
/*!40000 ALTER TABLE `jhi_user` DISABLE KEYS */;
INSERT INTO `jhi_user` VALUES (1,'system','$2a$10$mE.qmcV0mFU5NcKh73TZx.z4ueI/.bDWbj0T1BYyqP481kGGarKLG','System','System','system@localhost','','','en',NULL,NULL,'system',NULL,NULL,'system',NULL),(2,'anonymoususer','$2a$10$j8S5d7Sr7.8VTOYNviDPOeWX8KcYILUVJBsYV83Y5NtECayypx9lO','Anonymous','User','anonymous@localhost','','','en',NULL,NULL,'system',NULL,NULL,'system',NULL),(3,'admin','$2a$10$gSAhZrxMllrbgj/kkK9UceBPpChGWJA7SYIb1Mqo.n5aNLq1/oRrC','Administrator','Administrator','admin@localhost','','','en',NULL,NULL,'system',NULL,NULL,'system',NULL),(4,'user','$2a$10$VEjxo0jq2YG9Rbk2HmX9S.k1uZBGYUHdUcid3g/vfiEl7lwWgOH/K','User','User','user@localhost','','','en',NULL,NULL,'system',NULL,NULL,'system',NULL);
/*!40000 ALTER TABLE `jhi_user` ENABLE KEYS */;
UNLOCK TABLES;

--
-- Table structure for table `jhi_user_authority`
--

DROP TABLE IF EXISTS `jhi_user_authority`;
/*!40101 SET @saved_cs_client     = @@character_set_client */;
/*!40101 SET character_set_client = utf8 */;
CREATE TABLE `jhi_user_authority` (
  `user_id` bigint(20) NOT NULL,
  `authority_name` varchar(50) NOT NULL,
  PRIMARY KEY (`user_id`,`authority_name`),
  KEY `fk_authority_name` (`authority_name`),
  CONSTRAINT `fk_user_id` FOREIGN KEY (`user_id`) REFERENCES `jhi_user` (`id`),
  CONSTRAINT `fk_authority_name` FOREIGN KEY (`authority_name`) REFERENCES `jhi_authority` (`name`)
) ENGINE=InnoDB DEFAULT CHARSET=latin1;
/*!40101 SET character_set_client = @saved_cs_client */;

--
-- Dumping data for table `jhi_user_authority`
--

LOCK TABLES `jhi_user_authority` WRITE;
/*!40000 ALTER TABLE `jhi_user_authority` DISABLE KEYS */;
INSERT INTO `jhi_user_authority` VALUES (1,'ROLE_ADMIN'),(3,'ROLE_ADMIN'),(1,'ROLE_USER'),(3,'ROLE_USER'),(4,'ROLE_USER');
/*!40000 ALTER TABLE `jhi_user_authority` ENABLE KEYS */;
UNLOCK TABLES;

--
-- Table structure for table `sip_peer`
--

DROP TABLE IF EXISTS `sip_peer`;
/*!40101 SET @saved_cs_client     = @@character_set_client */;
/*!40101 SET character_set_client = utf8 */;
CREATE TABLE `sip_peer` (
  `id` bigint(20) NOT NULL AUTO_INCREMENT,
  `name` varchar(80) NOT NULL DEFAULT '',
  `host` varchar(31) NOT NULL DEFAULT '',
  `nat` varchar(5) NOT NULL DEFAULT 'no',
  `type` enum('user','peer','friend') NOT NULL DEFAULT 'friend',
  `accountcode` varchar(20) DEFAULT NULL,
  `amaflags` varchar(13) DEFAULT NULL,
  `jhi_type` varchar(255) DEFAULT NULL,
  `jhi_deny` varchar(255) DEFAULT NULL,
  `call-limit` smallint(5) unsigned DEFAULT NULL,
  `callgroup` varchar(10) DEFAULT NULL,
  `callerid` varchar(80) DEFAULT NULL,
  `cancallforward` char(3) DEFAULT 'yes',
  `canreinvite` char(3) DEFAULT 'yes',
  `context` varchar(80) DEFAULT NULL,
  `defaultip` varchar(15) DEFAULT NULL,
  `dtmfmode` varchar(7) DEFAULT NULL,
  `fromuser` varchar(80) DEFAULT NULL,
  `fromdomain` varchar(80) DEFAULT NULL,
  `insecure` varchar(4) DEFAULT NULL,
  `language` char(2) DEFAULT NULL,
  `mailbox` varchar(50) DEFAULT NULL,
  `md5secret` varchar(80) DEFAULT NULL,
  `deny` varchar(95) DEFAULT NULL,
  `permit` varchar(95) DEFAULT NULL,
  `mask` varchar(95) DEFAULT NULL,
  `musiconhold` varchar(100) DEFAULT NULL,
  `pickupgroup` varchar(10) DEFAULT NULL,
  `qualify` char(3) DEFAULT NULL,
  `regexten` varchar(80) DEFAULT NULL,
  `restrictcid` char(3) DEFAULT NULL,
  `rtptimeout` char(3) DEFAULT NULL,
  `rtpholdtimeout` char(3) DEFAULT NULL,
  `secret` varchar(80) DEFAULT NULL,
  `setvar` varchar(100) DEFAULT NULL,
  `disallow` varchar(100) DEFAULT 'all',
  `allow` varchar(100) DEFAULT 'g729;ilbc;gsm;ulaw;alaw',
  `fullcontact` varchar(80) DEFAULT NULL,
  `ipaddr` varchar(15) DEFAULT NULL,
  `port` smallint(5) unsigned DEFAULT '0',
  `regserver` varchar(100) DEFAULT NULL,
  `regseconds` int(11) DEFAULT '0',
  `lastms` int(11) DEFAULT '0',
  `username` varchar(80) NOT NULL DEFAULT '',
  `defaultuser` varchar(80) DEFAULT NULL,
  `subscribecontext` varchar(80) DEFAULT NULL,
  `useragent` varchar(20) DEFAULT NULL,
  PRIMARY KEY (`id`),
  UNIQUE KEY `name` (`name`),
  KEY `name_2` (`name`)
) ENGINE=InnoDB AUTO_INCREMENT=2 DEFAULT CHARSET=latin1 ROW_FORMAT=DYNAMIC;
/*!40101 SET character_set_client = @saved_cs_client */;

--
-- Dumping data for table `sip_peer`
--

LOCK TABLES `sip_peer` WRITE;
/*!40000 ALTER TABLE `sip_peer` DISABLE KEYS */;
INSERT INTO `sip_peer` VALUES (1,'terminator1','192.168.200.10','no','friend','terminator1',NULL,'peer',NULL,NULL,NULL,NULL,NULL,NULL,NULL,NULL,NULL,NULL,NULL,NULL,NULL,NULL,NULL,NULL,NULL,NULL,NULL,NULL,NULL,NULL,NULL,NULL,NULL,NULL,NULL,NULL,NULL,'terminator1',NULL,NULL,NULL,NULL,NULL,'terminator1','terminator1',NULL,NULL);
/*!40000 ALTER TABLE `sip_peer` ENABLE KEYS */;
UNLOCK TABLES;

--
-- Dumping events for database 'wi4solutions'
--

--
-- Dumping routines for database 'wi4solutions'
--
/*!40103 SET TIME_ZONE=@OLD_TIME_ZONE */;

/*!40101 SET SQL_MODE=@OLD_SQL_MODE */;
/*!40014 SET FOREIGN_KEY_CHECKS=@OLD_FOREIGN_KEY_CHECKS */;
/*!40014 SET UNIQUE_CHECKS=@OLD_UNIQUE_CHECKS */;
/*!40101 SET CHARACTER_SET_CLIENT=@OLD_CHARACTER_SET_CLIENT */;
/*!40101 SET CHARACTER_SET_RESULTS=@OLD_CHARACTER_SET_RESULTS */;
/*!40101 SET COLLATION_CONNECTION=@OLD_COLLATION_CONNECTION */;
/*!40111 SET SQL_NOTES=@OLD_SQL_NOTES */;

-- Dump completed on 2018-11-26 16:12:10
